users,event_type,country_code,no_categories,os,os_type,no_events,no_features
4,impbeacon,A1,24,"{""type"":""win"",""ver"":5}",win,1636,7407
2,impbeacon,A2,8,"{""type"":""win"",""ver"":4}",win,85,347
1,impbeacon,AD,5,"{""type"":""win"",""ver"":4}",win,8,33
3,impbeacon,AF,18,"{""type"":""win"",""ver"":5}",win,533,2456
1,impbeacon,AG,5,"{""type"":""win"",""ver"":4}",win,9,33
7,impbeacon,AL,17,"{""type"":""win"",""ver"":5}",win,844,3752
5,impbeacon,AM,40,"{""type"":""win"",""ver"":4}",win,4033,16502
4,impbeacon,AO,18,"{""type"":""win"",""ver"":5}",win,383,1726
791,impbeacon,AR,139,"{""type"":""win"",""ver"":5}",win,235339,1043771
14,impbeacon,AU,28,"{""type"":""win"",""ver"":5}",win,787,1353
43,impbeacon,AZ,45,NULL,NULL,4270,53
4,impbeacon,BB,14,"{""type"":""win"",""ver"":5}",win,295,1232
47,impbeacon,BE,46,"{""type"":""win"",""ver"":5}",win,3081,13291
1,impbeacon,BF,2,"{""type"":""win"",""ver"":1}",win,12,58
3,impbeacon,BF,16,"{""type"":""win"",""ver"":4}",win,352,1469
2,impbeacon,BG,8,NULL,NULL,71,0
5,impbeacon,BH,20,"{""type"":""win"",""ver"":5}",win,618,2563
13,impbeacon,BO,30,"{""type"":""win"",""ver"":4}",win,1941,9165
2227,impbeacon,BR,155,"{""type"":""win"",""ver"":1}",win,455914,1947700
49339,impbeacon,BR,205,"{""type"":""win"",""ver"":4}",win,8654494,37357517
1,impbeacon,BT,34,"{""type"":""win"",""ver"":5}",win,1380,5714
3,impbeacon,BW,20,"{""type"":""win"",""ver"":5}",win,380,1656
1,impbeacon,BZ,3,"{""type"":""win"",""ver"":5}",win,7,34
37,impbeacon,CA,60,"{""type"":""win"",""ver"":5}",win,7739,33545
1,impbeacon,CD,4,"{""type"":""win"",""ver"":5}",win,12,54
1,impbeacon,CG,15,"{""type"":""win"",""ver"":5}",win,282,1171
2,impbeacon,CH,19,"{""type"":""win"",""ver"":1}",win,583,2395
41,impbeacon,CH,58,"{""type"":""win"",""ver"":4}",win,6908,40754
5,impbeacon,CM,8,"{""type"":""win"",""ver"":5}",win,203,954
9,impbeacon,CN,20,"{""type"":""win"",""ver"":4}",win,1097,4408
6,impbeacon,CO,22,"{""type"":""win"",""ver"":3}",win,176,734
1,impbeacon,CV,4,"{""type"":""win"",""ver"":5}",win,25,120
2,impbeacon,CW,14,"{""type"":""win"",""ver"":4}",win,219,873
5,impbeacon,CY,33,"{""type"":""win"",""ver"":5}",win,3752,16161
3,impbeacon,CZ,10,"{""type"":""win"",""ver"":1}",win,331,1331
37,impbeacon,CZ,47,"{""type"":""win"",""ver"":4}",win,7034,28890
2,impbeacon,DE,1,NULL,NULL,3,15
457,impbeacon,DE,102,"{""type"":""win"",""ver"":3}",win,44862,185478
1,impbeacon,DE,1,"{""type"":""win"",""ver"":6}",win,3,15
4,impbeacon,DJ,19,"{""type"":""win"",""ver"":4}",win,336,1407
5,impbeacon,DO,19,"{""type"":""win"",""ver"":5}",win,307,1316
5,impbeacon,DZ,37,NULL,NULL,4357,0
3,impbeacon,DZ,3,"{""type"":""win"",""ver"":3}",win,27,116
2,impbeacon,EC,21,"{""type"":""win"",""ver"":1}",win,460,2074
39,impbeacon,EC,77,"{""type"":""win"",""ver"":4}",win,23212,104497
5,impbeacon,EE,31,"{""type"":""win"",""ver"":5}",win,3805,16623
5,impbeacon,EG,10,NULL,NULL,136,0
1,impbeacon,EG,6,"{""type"":""win"",""ver"":3}",win,42,180
1,impbeacon,ES,1,NULL,NULL,1,5
796,impbeacon,ES,127,"{""type"":""win"",""ver"":3}",win,116181,477138
1,impbeacon,ES,9,"{""type"":""win"",""ver"":6}",win,31,129
1,impbeacon,ET,10,"{""type"":""win"",""ver"":5}",win,822,3315
11,impbeacon,EU,27,"{""type"":""win"",""ver"":4}",win,561,2287
1,impbeacon,FI,2,"{""type"":""win"",""ver"":3}",win,14,0
3,impbeacon,FJ,24,"{""type"":""win"",""ver"":5}",win,1550,7096
5,impbeacon,FR,4,NULL,NULL,16,37
1822,impbeacon,FR,181,"{""type"":""win"",""ver"":3}",win,358226,1413317
3,impbeacon,FR,5,"{""type"":""win"",""ver"":6}",win,55,225
2,impbeacon,GA,18,"{""type"":""win"",""ver"":4}",win,343,1503
2,impbeacon,GB,10,NULL,NULL,53,638
389,impbeacon,GB,111,"{""type"":""win"",""ver"":3}",win,31150,109897
1,impbeacon,GB,1,"{""type"":""win"",""ver"":6}",win,1,5
1,impbeacon,GD,14,"{""type"":""win"",""ver"":4}",win,370,1510
1,impbeacon,GE,1,NULL,NULL,8,0
4,impbeacon,GP,15,"{""type"":""win"",""ver"":1}",win,70,485
58,impbeacon,GP,58,"{""type"":""win"",""ver"":4}",win,5027,20031
22,impbeacon,GR,54,"{""type"":""win"",""ver"":5}",win,13179,56386
3,impbeacon,GY,4,"{""type"":""win"",""ver"":4}",win,43,179
7,impbeacon,HK,8,"{""type"":""win"",""ver"":5}",win,142,575
6,impbeacon,HN,13,"{""type"":""win"",""ver"":5}",win,245,1007
13,impbeacon,HR,31,"{""type"":""win"",""ver"":4}",win,2233,6762
2,impbeacon,HT,26,"{""type"":""win"",""ver"":5}",win,734,3455
4,impbeacon,HU,32,"{""type"":""win"",""ver"":1}",win,4353,18629
48,impbeacon,HU,67,"{""type"":""win"",""ver"":4}",win,24025,105967
29,impbeacon,ID,34,"{""type"":""win"",""ver"":5}",win,4126,17091
10,impbeacon,IE,42,"{""type"":""win"",""ver"":4}",win,3439,14805
1,impbeacon,IL,3,"{""type"":""win"",""ver"":3}",win,3,13
1,impbeacon,IM,3,"{""type"":""win"",""ver"":5}",win,17,83
10,impbeacon,IN,31,"{""type"":""win"",""ver"":1}",win,1792,8099
218,impbeacon,IN,98,"{""type"":""win"",""ver"":4}",win,61490,248419
54,impbeacon,IQ,64,"{""type"":""win"",""ver"":4}",win,14902,66235
1,impbeacon,IS,5,"{""type"":""win"",""ver"":5}",win,40,194
904,impbeacon,IT,142,"{""type"":""win"",""ver"":1}",win,105606,415133
7343,impbeacon,IT,174,"{""type"":""win"",""ver"":4}",win,1098431,4422459
4,impbeacon,JM,29,"{""type"":""win"",""ver"":4}",win,1063,4618
5,impbeacon,JO,18,"{""type"":""win"",""ver"":5}",win,1032,4424
7,impbeacon,JP,20,"{""type"":""win"",""ver"":1}",win,208,847
44,impbeacon,JP,61,"{""type"":""win"",""ver"":4}",win,13459,56920
1,impbeacon,KE,11,"{""type"":""win"",""ver"":5}",win,214,861
9,impbeacon,KH,15,"{""type"":""win"",""ver"":5}",win,710,3174
16,impbeacon,KR,12,"{""type"":""win"",""ver"":1}",win,374,1593
111,impbeacon,KR,59,"{""type"":""win"",""ver"":4}",win,20543,86654
8,impbeacon,KW,30,"{""type"":""win"",""ver"":5}",win,635,2543
10,impbeacon,KZ,15,"{""type"":""win"",""ver"":5}",win,218,774
2,impbeacon,LB,10,"{""type"":""win"",""ver"":1}",win,189,775
22,impbeacon,LB,28,"{""type"":""win"",""ver"":4}",win,3662,15634
5,impbeacon,LK,23,"{""type"":""win"",""ver"":1}",win,838,3673
27,impbeacon,LK,49,"{""type"":""win"",""ver"":4}",win,5452,23845
16,impbeacon,LT,49,"{""type"":""win"",""ver"":4}",win,4067,17486
2,impbeacon,LU,4,"{""type"":""win"",""ver"":3}",win,53,212
2,impbeacon,LV,3,"{""type"":""win"",""ver"":5}",win,12,55
77,impbeacon,MA,76,"{""type"":""win"",""ver"":1}",win,27726,122374
230,impbeacon,MA,108,"{""type"":""win"",""ver"":4}",win,79139,348878
1,impbeacon,MC,23,"{""type"":""win"",""ver"":5}",win,625,2664
4,impbeacon,MD,21,"{""type"":""win"",""ver"":4}",win,1350,5839
3,impbeacon,MG,11,"{""type"":""win"",""ver"":1}",win,150,718
9,impbeacon,MG,43,"{""type"":""win"",""ver"":4}",win,1640,7352
1,impbeacon,MK,1,NULL,NULL,1,0
2,impbeacon,ML,1,"{""type"":""win"",""ver"":5}",win,4,16
10,impbeacon,MM,19,"{""type"":""win"",""ver"":4}",win,1267,5772
3,impbeacon,MQ,6,"{""type"":""win"",""ver"":3}",win,25,103
1,impbeacon,MR,2,"{""type"":""win"",""ver"":5}",win,2,10
5,impbeacon,MU,32,"{""type"":""win"",""ver"":5}",win,1536,6419
2,impbeacon,MV,2,"{""type"":""win"",""ver"":4}",win,2,7
5,impbeacon,MX,11,"{""type"":""win"",""ver"":2}",win,166,677
3893,impbeacon,MX,183,"{""type"":""win"",""ver"":5}",win,571010,2510389
7,impbeacon,MY,17,"{""type"":""win"",""ver"":1}",win,1001,4312
31,impbeacon,MY,67,"{""type"":""win"",""ver"":4}",win,7116,31358
4,impbeacon,NC,15,"{""type"":""win"",""ver"":4}",win,76,332
1,impbeacon,NE,8,"{""type"":""win"",""ver"":5}",win,28,116
5,impbeacon,NI,18,"{""type"":""win"",""ver"":4}",win,391,1088
10,impbeacon,NL,38,"{""type"":""win"",""ver"":1}",win,4732,1511
102,impbeacon,NL,82,"{""type"":""win"",""ver"":4}",win,12717,26348
16,impbeacon,NO,37,"{""type"":""win"",""ver"":4}",win,6723,26300
898,impbeacon,NULL,142,"{""type"":""win"",""ver"":5}",win,95818,397684
8,impbeacon,NZ,44,"{""type"":""win"",""ver"":5}",win,3372,13867
6,impbeacon,OM,28,"{""type"":""win"",""ver"":5}",win,1247,5590
9,impbeacon,PA,51,"{""type"":""win"",""ver"":4}",win,3981,17520
2,impbeacon,PE,47,"{""type"":""win"",""ver"":3}",win,3044,13783
3,impbeacon,PF,20,"{""type"":""win"",""ver"":5}",win,737,3340
1,impbeacon,PG,25,"{""type"":""win"",""ver"":4}",win,532,2321
9,impbeacon,PL,40,"{""type"":""win"",""ver"":5}",win,4313,18179
8,impbeacon,PR,39,"{""type"":""win"",""ver"":5}",win,2632,9756
5,impbeacon,PS,39,"{""type"":""win"",""ver"":1}",win,5165,23386
26,impbeacon,PS,56,"{""type"":""win"",""ver"":4}",win,10455,47807
5,impbeacon,PT,25,"{""type"":""win"",""ver"":3}",win,1112,5090
19,impbeacon,PY,51,"{""type"":""win"",""ver"":4}",win,3865,16180
3,impbeacon,RE,27,"{""type"":""win"",""ver"":1}",win,636,2898
63,impbeacon,RE,85,"{""type"":""win"",""ver"":4}",win,16991,65789
5,impbeacon,RO,12,NULL,NULL,372,129
5,impbeacon,RO,28,"{""type"":""win"",""ver"":3}",win,711,2443
12,impbeacon,RS,43,"{""type"":""win"",""ver"":5}",win,4677,20433
6,impbeacon,RU,7,NULL,NULL,128,0
36,impbeacon,RU,26,"{""type"":""win"",""ver"":3}",win,1272,226
3,impbeacon,RW,13,"{""type"":""win"",""ver"":4}",win,485,2050
4,impbeacon,SA,9,"{""type"":""win"",""ver"":1}",win,116,515
73,impbeacon,SA,76,"{""type"":""win"",""ver"":4}",win,22504,93637
12,impbeacon,SD,35,"{""type"":""win"",""ver"":4}",win,2161,9688
1,impbeacon,SG,20,"{""type"":""win"",""ver"":1}",win,818,3448
14,impbeacon,SG,25,"{""type"":""win"",""ver"":4}",win,1908,8088
11,impbeacon,SI,35,"{""type"":""win"",""ver"":5}",win,4296,17946
1,impbeacon,SM,9,"{""type"":""win"",""ver"":4}",win,153,623
2,impbeacon,SO,26,"{""type"":""win"",""ver"":5}",win,1128,4658
1,impbeacon,SV,5,"{""type"":""win"",""ver"":1}",win,19,90
9,impbeacon,SV,35,"{""type"":""win"",""ver"":4}",win,2207,10192
1,impbeacon,SY,15,"{""type"":""win"",""ver"":1}",win,727,3474
11,impbeacon,SY,30,"{""type"":""win"",""ver"":4}",win,2089,9541
21,impbeacon,TH,43,"{""type"":""win"",""ver"":5}",win,3504,15441
34,impbeacon,TN,66,"{""type"":""win"",""ver"":5}",win,13117,59518
61,impbeacon,TR,60,"{""type"":""win"",""ver"":1}",win,22280,48813
486,impbeacon,TR,118,"{""type"":""win"",""ver"":4}",win,105654,119301
2,impbeacon,TT,19,"{""type"":""win"",""ver"":5}",win,441,1884
1,impbeacon,TW,7,"{""type"":""win"",""ver"":5}",win,54,238
3,impbeacon,TZ,17,"{""type"":""win"",""ver"":5}",win,153,620
22,impbeacon,UA,40,"{""type"":""win"",""ver"":5}",win,6965,29262
1,impbeacon,US,1,"{""type"":""win"",""ver"":2}",win,88,440
5636,impbeacon,US,186,"{""type"":""win"",""ver"":5}",win,616850,1913323
1,impbeacon,UY,1,"{""type"":""win"",""ver"":5}",win,2,10
1,impbeacon,VC,13,"{""type"":""win"",""ver"":5}",win,884,3870
23,impbeacon,VE,55,"{""type"":""win"",""ver"":3}",win,2724,11111
1,impbeacon,VE,1,"{""type"":""win"",""ver"":6}",win,1,5
1,impbeacon,YT,2,"{""type"":""win"",""ver"":3}",win,12,48
3,impbeacon,ZA,13,"{""type"":""win"",""ver"":3}",win,337,0
1,impbeacon,ZW,1,"{""type"":""win"",""ver"":5}",win,2,10
2,impbeacon,A2,2,"{""type"":""win"",""ver"":5}",win,12,60
1,impbeacon,AD,1,"{""type"":""win"",""ver"":5}",win,3,12
1,impbeacon,AE,12,"{""type"":""win"",""ver"":1}",win,112,503
43,impbeacon,AE,72,"{""type"":""win"",""ver"":4}",win,8136,34169
1,impbeacon,AF,8,"{""type"":""win"",""ver"":3}",win,218,190
2,impbeacon,AG,4,"{""type"":""win"",""ver"":5}",win,15,62
1,impbeacon,AL,24,NULL,NULL,1282,0
1,impbeacon,AR,1,NULL,NULL,1,4
10,impbeacon,AR,53,"{""type"":""win"",""ver"":3}",win,4876,19994
1,impbeacon,AR,2,"{""type"":""win"",""ver"":6}",win,2,10
1,impbeacon,AT,2,"{""type"":""win"",""ver"":1}",win,16,64
24,impbeacon,AT,45,"{""type"":""win"",""ver"":4}",win,4860,19236
1,impbeacon,AU,6,"{""type"":""win"",""ver"":3}",win,12,52
2,impbeacon,AW,10,"{""type"":""win"",""ver"":4}",win,55,224
7,impbeacon,AZ,22,"{""type"":""win"",""ver"":1}",win,678,417
51,impbeacon,AZ,43,"{""type"":""win"",""ver"":4}",win,14696,47984
5,impbeacon,BA,26,"{""type"":""win"",""ver"":1}",win,1738,7689
19,impbeacon,BA,56,"{""type"":""win"",""ver"":4}",win,6407,28462
2,impbeacon,BB,18,"{""type"":""win"",""ver"":3}",win,170,761
4,impbeacon,BD,29,"{""type"":""win"",""ver"":1}",win,1450,5994
62,impbeacon,BD,66,"{""type"":""win"",""ver"":4}",win,17368,73927
4,impbeacon,BE,18,"{""type"":""win"",""ver"":3}",win,194,916
2,impbeacon,BF,2,"{""type"":""win"",""ver"":5}",win,2,9
10,impbeacon,BG,37,"{""type"":""win"",""ver"":1}",win,4305,18254
69,impbeacon,BG,76,"{""type"":""win"",""ver"":4}",win,25281,101780
1,impbeacon,BO,1,"{""type"":""win"",""ver"":5}",win,2,10
11,impbeacon,BR,24,"{""type"":""win"",""ver"":2}",win,1363,5474
12055,impbeacon,BR,182,"{""type"":""win"",""ver"":5}",win,1583829,6988653
2,impbeacon,BS,6,"{""type"":""win"",""ver"":4}",win,70,269
2,impbeacon,BY,10,"{""type"":""win"",""ver"":1}",win,325,1332
18,impbeacon,BY,28,"{""type"":""win"",""ver"":4}",win,4448,17741
1,impbeacon,CA,1,"{""type"":""win"",""ver"":3}",win,1,5
18,impbeacon,CH,51,"{""type"":""win"",""ver"":5}",win,2679,11236
4,impbeacon,CI,21,"{""type"":""win"",""ver"":1}",win,428,1947
24,impbeacon,CI,60,"{""type"":""win"",""ver"":4}",win,6251,27921
2,impbeacon,CL,32,"{""type"":""win"",""ver"":1}",win,1254,5464
34,impbeacon,CL,66,"{""type"":""win"",""ver"":4}",win,9213,39488
5,impbeacon,CN,8,"{""type"":""win"",""ver"":5}",win,123,524
39,impbeacon,CO,66,"{""type"":""win"",""ver"":1}",win,7723,34317
888,impbeacon,CO,142,"{""type"":""win"",""ver"":4}",win,288252,1254277
4,impbeacon,CR,34,"{""type"":""win"",""ver"":4}",win,1646,7298
1,impbeacon,CU,34,"{""type"":""win"",""ver"":4}",win,1105,4446
3,impbeacon,CW,14,"{""type"":""win"",""ver"":5}",win,125,560
15,impbeacon,CZ,48,"{""type"":""win"",""ver"":5}",win,9550,41656
384,impbeacon,DE,90,"{""type"":""win"",""ver"":1}",win,25018,108068
7645,impbeacon,DE,183,"{""type"":""win"",""ver"":4}",win,772202,3173905
1,impbeacon,DK,3,"{""type"":""win"",""ver"":1}",win,10,5
12,impbeacon,DK,20,"{""type"":""win"",""ver"":4}",win,1359,5062
2,impbeacon,DM,15,"{""type"":""win"",""ver"":5}",win,337,1534
90,impbeacon,DZ,93,"{""type"":""win"",""ver"":1}",win,39331,180181
484,impbeacon,DZ,130,"{""type"":""win"",""ver"":4}",win,224098,1006936
1,impbeacon,EC,1,"{""type"":""win"",""ver"":2}",win,2,8
33,impbeacon,EC,67,"{""type"":""win"",""ver"":5}",win,13673,60420
32,impbeacon,EG,46,"{""type"":""win"",""ver"":1}",win,9517,40986
109,impbeacon,EG,77,"{""type"":""win"",""ver"":4}",win,33212,143145
1181,impbeacon,ES,146,"{""type"":""win"",""ver"":1}",win,165198,681182
10008,impbeacon,ES,198,"{""type"":""win"",""ver"":4}",win,1741216,7336146
6,impbeacon,EU,10,"{""type"":""win"",""ver"":5}",win,199,943
1,impbeacon,FI,3,"{""type"":""win"",""ver"":1}",win,22,90
6,impbeacon,FI,4,"{""type"":""win"",""ver"":4}",win,12,43
995,impbeacon,FR,169,"{""type"":""win"",""ver"":1}",win,224278,833332
14641,impbeacon,FR,210,"{""type"":""win"",""ver"":4}",win,2981127,11746451
196,impbeacon,GB,97,"{""type"":""win"",""ver"":1}",win,23525,51352
4452,impbeacon,GB,182,"{""type"":""win"",""ver"":4}",win,476036,1928838
3,impbeacon,GD,12,"{""type"":""win"",""ver"":5}",win,244,1074
3,impbeacon,GE,8,"{""type"":""win"",""ver"":1}",win,41,186
33,impbeacon,GE,69,"{""type"":""win"",""ver"":4}",win,41539,177321
9,impbeacon,GH,38,"{""type"":""win"",""ver"":4}",win,1901,8321
1,impbeacon,GN,5,"{""type"":""win"",""ver"":1}",win,50,214
1,impbeacon,GN,1,"{""type"":""win"",""ver"":4}",win,16,80
28,impbeacon,GP,45,"{""type"":""win"",""ver"":5}",win,3323,14275
1,impbeacon,GQ,2,"{""type"":""win"",""ver"":1}",win,9,36
1,impbeacon,GQ,1,"{""type"":""win"",""ver"":4}",win,1,5
2,impbeacon,GR,4,NULL,NULL,63,0
2,impbeacon,GR,7,"{""type"":""win"",""ver"":3}",win,87,377
1,impbeacon,GT,6,"{""type"":""win"",""ver"":1}",win,12,51
10,impbeacon,GT,34,"{""type"":""win"",""ver"":4}",win,1643,6213
2,impbeacon,GY,17,"{""type"":""win"",""ver"":5}",win,965,4065
9,impbeacon,HR,24,"{""type"":""win"",""ver"":5}",win,797,3505
14,impbeacon,HU,53,"{""type"":""win"",""ver"":5}",win,8619,35985
1,impbeacon,ID,5,NULL,NULL,13,0
1,impbeacon,ID,12,"{""type"":""win"",""ver"":3}",win,142,627
4,impbeacon,IE,12,"{""type"":""win"",""ver"":5}",win,418,1732
4,impbeacon,IL,20,"{""type"":""win"",""ver"":1}",win,3004,13329
46,impbeacon,IL,56,"{""type"":""win"",""ver"":4}",win,15287,67438
1,impbeacon,IN,3,"{""type"":""win"",""ver"":2}",win,6,27
97,impbeacon,IN,78,"{""type"":""win"",""ver"":5}",win,16012,66052
5,impbeacon,IQ,28,"{""type"":""win"",""ver"":5}",win,1533,6976
9,impbeacon,IR,18,"{""type"":""win"",""ver"":1}",win,483,2000
167,impbeacon,IR,70,"{""type"":""win"",""ver"":4}",win,36472,127131
1,impbeacon,IT,1,"{""type"":""win"",""ver"":2}",win,1,4
3225,impbeacon,IT,164,"{""type"":""win"",""ver"":5}",win,370590,1489259
6,impbeacon,JM,25,"{""type"":""win"",""ver"":5}",win,670,2638
2,impbeacon,JO,5,NULL,NULL,35,0
23,impbeacon,JP,58,"{""type"":""win"",""ver"":5}",win,6109,25665
3,impbeacon,KG,17,"{""type"":""win"",""ver"":4}",win,829,3483
23,impbeacon,KR,18,"{""type"":""win"",""ver"":5}",win,1522,6451
1,impbeacon,KW,13,"{""type"":""win"",""ver"":3}",win,275,1143
1,impbeacon,KY,7,"{""type"":""win"",""ver"":4}",win,58,254
6,impbeacon,LB,45,"{""type"":""win"",""ver"":5}",win,3516,14566
1,impbeacon,LI,2,"{""type"":""win"",""ver"":4}",win,3,12
18,impbeacon,LK,43,"{""type"":""win"",""ver"":5}",win,4136,18572
1,impbeacon,LR,17,"{""type"":""win"",""ver"":4}",win,272,1189
8,impbeacon,LT,39,"{""type"":""win"",""ver"":5}",win,4095,17647
4,impbeacon,LU,7,"{""type"":""win"",""ver"":4}",win,133,535
54,impbeacon,MA,89,"{""type"":""win"",""ver"":5}",win,33388,148934
3,impbeacon,MD,16,"{""type"":""win"",""ver"":5}",win,849,3807
1,impbeacon,ME,4,"{""type"":""win"",""ver"":1}",win,41,164
2,impbeacon,ME,28,"{""type"":""win"",""ver"":4}",win,1200,5003
4,impbeacon,MG,6,"{""type"":""win"",""ver"":5}",win,75,336
5,impbeacon,MK,30,"{""type"":""win"",""ver"":1}",win,3271,14754
16,impbeacon,MK,39,"{""type"":""win"",""ver"":4}",win,2977,13084
1,impbeacon,MN,9,"{""type"":""win"",""ver"":1}",win,71,318
19,impbeacon,MN,44,"{""type"":""win"",""ver"":4}",win,5315,22645
2,impbeacon,MQ,11,"{""type"":""win"",""ver"":1}",win,129,529
41,impbeacon,MQ,55,"{""type"":""win"",""ver"":4}",win,3465,14386
1,impbeacon,MT,1,"{""type"":""win"",""ver"":1}",win,1,4
1,impbeacon,MT,1,"{""type"":""win"",""ver"":4}",win,1,4
2,impbeacon,MV,3,"{""type"":""win"",""ver"":5}",win,62,285
1,impbeacon,MW,1,"{""type"":""win"",""ver"":4}",win,1,5
1,impbeacon,MX,1,NULL,NULL,1,5
163,impbeacon,MX,90,"{""type"":""win"",""ver"":3}",win,26654,109360
3,impbeacon,MX,6,"{""type"":""win"",""ver"":6}",win,13,52
19,impbeacon,MY,48,"{""type"":""win"",""ver"":5}",win,3560,15691
2,impbeacon,MZ,15,"{""type"":""win"",""ver"":1}",win,339,1501
58,impbeacon,MZ,60,"{""type"":""win"",""ver"":4}",win,11436,47810
4,impbeacon,NA,14,"{""type"":""win"",""ver"":4}",win,247,1049
3,impbeacon,NC,12,"{""type"":""win"",""ver"":5}",win,220,1021
1,impbeacon,NG,1,"{""type"":""win"",""ver"":1}",win,3,15
12,impbeacon,NG,33,"{""type"":""win"",""ver"":4}",win,2586,10926
1,impbeacon,NI,13,"{""type"":""win"",""ver"":5}",win,162,752
59,impbeacon,NL,73,"{""type"":""win"",""ver"":5}",win,18135,6662
6,impbeacon,NO,12,"{""type"":""win"",""ver"":5}",win,113,449
1,impbeacon,NP,9,"{""type"":""win"",""ver"":1}",win,134,541
13,impbeacon,NP,41,"{""type"":""win"",""ver"":4}",win,25695,104132
18,impbeacon,NULL,28,"{""type"":""win"",""ver"":3}",win,1293,4084
3,impbeacon,PA,28,"{""type"":""win"",""ver"":5}",win,829,3741
4,impbeacon,PE,29,"{""type"":""win"",""ver"":1}",win,1243,5629
40,impbeacon,PE,87,"{""type"":""win"",""ver"":4}",win,17351,78647
1,impbeacon,PG,3,"{""type"":""win"",""ver"":5}",win,23,105
7,impbeacon,PH,22,"{""type"":""win"",""ver"":1}",win,1270,5765
102,impbeacon,PH,77,"{""type"":""win"",""ver"":4}",win,65604,284986
22,impbeacon,PK,35,"{""type"":""win"",""ver"":1}",win,4868,21300
173,impbeacon,PK,95,"{""type"":""win"",""ver"":4}",win,64089,282608
3,impbeacon,PL,13,"{""type"":""win"",""ver"":3}",win,137,578
1,impbeacon,PS,6,"{""type"":""win"",""ver"":5}",win,103,493
5,impbeacon,PT,19,"{""type"":""win"",""ver"":1}",win,333,1393
373,impbeacon,PT,110,"{""type"":""win"",""ver"":4}",win,66692,291326
2,impbeacon,PY,20,"{""type"":""win"",""ver"":5}",win,350,1483
1,impbeacon,QA,2,"{""type"":""win"",""ver"":1}",win,3,15
18,impbeacon,QA,58,"{""type"":""win"",""ver"":4}",win,8991,37010
43,impbeacon,RE,41,"{""type"":""win"",""ver"":5}",win,3456,14158
22,impbeacon,RO,30,"{""type"":""win"",""ver"":1}",win,1375,5690
362,impbeacon,RO,114,"{""type"":""win"",""ver"":4}",win,62804,250531
694,impbeacon,RU,67,"{""type"":""win"",""ver"":1}",win,18805,4308
5627,impbeacon,RU,106,"{""type"":""win"",""ver"":4}",win,205712,95687
1,impbeacon,RW,1,"{""type"":""win"",""ver"":5}",win,1,5
26,impbeacon,SA,41,"{""type"":""win"",""ver"":5}",win,4464,20172
2,impbeacon,SD,12,"{""type"":""win"",""ver"":5}",win,67,304
20,impbeacon,SE,39,"{""type"":""win"",""ver"":4}",win,2882,11769
7,impbeacon,SG,27,"{""type"":""win"",""ver"":5}",win,1155,4937
17,impbeacon,SK,40,"{""type"":""win"",""ver"":4}",win,10986,46533
3,impbeacon,SN,16,"{""type"":""win"",""ver"":1}",win,149,662
23,impbeacon,SN,47,"{""type"":""win"",""ver"":4}",win,4526,19986
4,impbeacon,ST,22,"{""type"":""win"",""ver"":4}",win,597,2455
2,impbeacon,SV,33,"{""type"":""win"",""ver"":5}",win,827,3665
4,impbeacon,SY,14,"{""type"":""win"",""ver"":5}",win,293,1369
1,impbeacon,SZ,6,"{""type"":""win"",""ver"":4}",win,19,78
1,impbeacon,TG,8,"{""type"":""win"",""ver"":1}",win,27,126
2,impbeacon,TG,8,"{""type"":""win"",""ver"":4}",win,41,180
1,impbeacon,TH,4,NULL,NULL,32,0
1,impbeacon,TJ,4,"{""type"":""win"",""ver"":4}",win,11,44
1,impbeacon,TN,4,NULL,NULL,176,0
6,impbeacon,TN,27,"{""type"":""win"",""ver"":3}",win,725,3314
146,impbeacon,TR,82,"{""type"":""win"",""ver"":5}",win,31759,25643
1,impbeacon,TT,4,"{""type"":""win"",""ver"":3}",win,8,37
1,impbeacon,TW,2,NULL,NULL,2,0
2,impbeacon,UA,2,NULL,NULL,5,0
1,impbeacon,UA,9,"{""type"":""win"",""ver"":3}",win,90,23
8,impbeacon,US,17,NULL,NULL,365,118
511,impbeacon,US,128,"{""type"":""win"",""ver"":3}",win,55294,152829
13,impbeacon,US,17,"{""type"":""win"",""ver"":6}",win,172,245
1,impbeacon,VC,13,"{""type"":""win"",""ver"":3}",win,341,1504
210,impbeacon,VE,104,"{""type"":""win"",""ver"":1}",win,62376,257316
1213,impbeacon,VE,160,"{""type"":""win"",""ver"":4}",win,370432,1544907
23,impbeacon,VN,32,"{""type"":""win"",""ver"":1}",win,3966,17463
64,impbeacon,VN,52,"{""type"":""win"",""ver"":4}",win,20621,89338
1,impbeacon,WS,3,"{""type"":""win"",""ver"":4}",win,28,113
1,impbeacon,YE,9,"{""type"":""win"",""ver"":1}",win,57,256
5,impbeacon,YE,17,"{""type"":""win"",""ver"":4}",win,344,1526
1,impbeacon,YT,8,"{""type"":""win"",""ver"":1}",win,225,836
5,impbeacon,YT,35,"{""type"":""win"",""ver"":4}",win,1328,5358
1,impbeacon,ZA,1,"{""type"":""win"",""ver"":1}",win,1,0
73,impbeacon,ZA,88,"{""type"":""win"",""ver"":4}",win,20567,12602
2,impbeacon,ZM,13,"{""type"":""win"",""ver"":4}",win,319,1314
1,impbeacon,A1,4,"{""type"":""win"",""ver"":1}",win,9,34
14,impbeacon,A1,17,"{""type"":""win"",""ver"":4}",win,268,793
31,impbeacon,AE,70,"{""type"":""win"",""ver"":5}",win,10285,42109
8,impbeacon,AF,39,"{""type"":""win"",""ver"":4}",win,2134,8494
1,impbeacon,AG,5,"{""type"":""win"",""ver"":3}",win,18,83
16,impbeacon,AL,40,"{""type"":""win"",""ver"":1}",win,6960,29947
30,impbeacon,AL,58,"{""type"":""win"",""ver"":4}",win,12827,55455
1,impbeacon,AM,4,"{""type"":""win"",""ver"":3}",win,9,37
56,impbeacon,AO,61,"{""type"":""win"",""ver"":4}",win,11952,52363
93,impbeacon,AR,95,"{""type"":""win"",""ver"":1}",win,24672,108999
995,impbeacon,AR,150,"{""type"":""win"",""ver"":4}",win,322906,1407070
7,impbeacon,AT,56,"{""type"":""win"",""ver"":5}",win,6474,27389
2,impbeacon,AU,11,"{""type"":""win"",""ver"":1}",win,90,411
21,impbeacon,AU,30,"{""type"":""win"",""ver"":4}",win,698,1367
21,impbeacon,AZ,45,"{""type"":""win"",""ver"":5}",win,6658,22914
4,impbeacon,BA,35,"{""type"":""win"",""ver"":5}",win,4040,17580
5,impbeacon,BB,30,"{""type"":""win"",""ver"":4}",win,767,3316
17,impbeacon,BD,43,"{""type"":""win"",""ver"":5}",win,4276,18992
6,impbeacon,BE,57,"{""type"":""win"",""ver"":1}",win,6624,28974
77,impbeacon,BE,87,"{""type"":""win"",""ver"":4}",win,17709,72434
11,impbeacon,BG,36,"{""type"":""win"",""ver"":5}",win,2483,10059
1,impbeacon,BH,13,"{""type"":""win"",""ver"":1}",win,775,3107
7,impbeacon,BH,22,"{""type"":""win"",""ver"":4}",win,796,3129
1,impbeacon,BJ,3,"{""type"":""win"",""ver"":5}",win,17,77
1,impbeacon,BN,2,"{""type"":""win"",""ver"":4}",win,5,19
3,impbeacon,BR,2,NULL,NULL,3,9
256,impbeacon,BR,87,"{""type"":""win"",""ver"":3}",win,36144,155196
3,impbeacon,BR,6,"{""type"":""win"",""ver"":6}",win,33,160
4,impbeacon,BT,22,"{""type"":""win"",""ver"":4}",win,306,1293
1,impbeacon,BW,16,"{""type"":""win"",""ver"":4}",win,519,2144
1,impbeacon,BY,22,"{""type"":""win"",""ver"":5}",win,1040,4288
3,impbeacon,CA,9,"{""type"":""win"",""ver"":1}",win,127,279
35,impbeacon,CA,49,"{""type"":""win"",""ver"":4}",win,2031,6655
1,impbeacon,CD,10,"{""type"":""win"",""ver"":1}",win,85,409
1,impbeacon,CD,12,"{""type"":""win"",""ver"":4}",win,632,2706
4,impbeacon,CG,14,"{""type"":""win"",""ver"":4}",win,388,1806
21,impbeacon,CI,41,"{""type"":""win"",""ver"":5}",win,3810,16726
261,impbeacon,CL,124,"{""type"":""win"",""ver"":5}",win,95857,410387
1,impbeacon,CM,6,"{""type"":""win"",""ver"":1}",win,10,45
2,impbeacon,CM,26,"{""type"":""win"",""ver"":4}",win,751,3337
1,impbeacon,CN,10,"{""type"":""win"",""ver"":3}",win,208,818
822,impbeacon,CO,145,"{""type"":""win"",""ver"":5}",win,265944,1180505
4,impbeacon,CR,24,"{""type"":""win"",""ver"":5}",win,490,2149
9,impbeacon,CV,23,"{""type"":""win"",""ver"":4}",win,563,2385
1,impbeacon,CY,1,"{""type"":""win"",""ver"":1}",win,1,4
10,impbeacon,CY,35,"{""type"":""win"",""ver"":4}",win,4392,17880
2,impbeacon,CZ,19,"{""type"":""win"",""ver"":3}",win,405,1771
1,impbeacon,DE,1,"{""type"":""win"",""ver"":2}",win,1,4
4278,impbeacon,DE,174,"{""type"":""win"",""ver"":5}",win,382057,1591139
13,impbeacon,DK,53,"{""type"":""win"",""ver"":5}",win,5447,24026
2,impbeacon,DO,33,"{""type"":""win"",""ver"":1}",win,1460,5906
8,impbeacon,DO,37,"{""type"":""win"",""ver"":4}",win,2059,8618
94,impbeacon,DZ,95,"{""type"":""win"",""ver"":5}",win,39089,175724
1,impbeacon,EC,6,"{""type"":""win"",""ver"":3}",win,39,171
1,impbeacon,EE,2,"{""type"":""win"",""ver"":1}",win,5,21
7,impbeacon,EE,24,"{""type"":""win"",""ver"":4}",win,2863,11584
28,impbeacon,EG,44,"{""type"":""win"",""ver"":5}",win,6701,29501
2,impbeacon,ES,2,"{""type"":""win"",""ver"":2}",win,7,12
4540,impbeacon,ES,181,"{""type"":""win"",""ver"":5}",win,591684,2535555
2,impbeacon,ET,9,"{""type"":""win"",""ver"":1}",win,128,547
9,impbeacon,ET,20,"{""type"":""win"",""ver"":4}",win,1098,4694
1,impbeacon,EU,2,"{""type"":""win"",""ver"":3}",win,2,9
2,impbeacon,FI,17,"{""type"":""win"",""ver"":5}",win,553,2441
2,impbeacon,FJ,19,"{""type"":""win"",""ver"":4}",win,1474,6797
4,impbeacon,FR,26,"{""type"":""win"",""ver"":2}",win,490,1997
9595,impbeacon,FR,202,"{""type"":""win"",""ver"":5}",win,1172799,4810439
1,impbeacon,GB,4,"{""type"":""win"",""ver"":2}",win,17,75
2791,impbeacon,GB,158,"{""type"":""win"",""ver"":5}",win,252789,1031921
5,impbeacon,GE,42,"{""type"":""win"",""ver"":5}",win,2895,12903
4,impbeacon,GF,28,"{""type"":""win"",""ver"":4}",win,1532,7356
4,impbeacon,GH,14,"{""type"":""win"",""ver"":5}",win,446,1848
3,impbeacon,GP,21,"{""type"":""win"",""ver"":3}",win,893,3612
4,impbeacon,GR,19,"{""type"":""win"",""ver"":1}",win,554,2357
36,impbeacon,GR,63,"{""type"":""win"",""ver"":4}",win,18881,83340
6,impbeacon,GT,43,"{""type"":""win"",""ver"":5}",win,2189,8911
1,impbeacon,GU,10,"{""type"":""win"",""ver"":4}",win,362,1479
1,impbeacon,HK,12,"{""type"":""win"",""ver"":1}",win,199,844
5,impbeacon,HK,9,"{""type"":""win"",""ver"":4}",win,293,1327
3,impbeacon,HN,16,"{""type"":""win"",""ver"":4}",win,123,503
1,impbeacon,HR,1,"{""type"":""win"",""ver"":3}",win,2,8
3,impbeacon,HT,32,"{""type"":""win"",""ver"":4}",win,759,3041
15,impbeacon,ID,31,"{""type"":""win"",""ver"":1}",win,2168,9262
147,impbeacon,ID,80,"{""type"":""win"",""ver"":4}",win,44079,179387
21,impbeacon,IL,35,"{""type"":""win"",""ver"":5}",win,4672,20324
1,impbeacon,IN,2,"{""type"":""win"",""ver"":3}",win,3,14
3,impbeacon,IQ,20,NULL,NULL,392,0
47,impbeacon,IR,41,"{""type"":""win"",""ver"":5}",win,4538,19002
1,impbeacon,IT,8,NULL,NULL,78,43
507,impbeacon,IT,118,"{""type"":""win"",""ver"":3}",win,57544,230373
2,impbeacon,JO,33,"{""type"":""win"",""ver"":1}",win,2920,13209
26,impbeacon,JO,55,"{""type"":""win"",""ver"":4}",win,7206,31568
1,impbeacon,KE,17,"{""type"":""win"",""ver"":1}",win,448,1804
13,impbeacon,KE,26,"{""type"":""win"",""ver"":4}",win,4978,20501
2,impbeacon,KG,6,"{""type"":""win"",""ver"":5}",win,38,177
1,impbeacon,KH,10,"{""type"":""win"",""ver"":1}",win,143,655
10,impbeacon,KH,21,"{""type"":""win"",""ver"":4}",win,994,4455
1,impbeacon,KM,9,"{""type"":""win"",""ver"":5}",win,80,382
1,impbeacon,KR,10,NULL,NULL,102,0
1,impbeacon,KR,6,"{""type"":""win"",""ver"":3}",win,52,209
19,impbeacon,KW,45,"{""type"":""win"",""ver"":4}",win,4575,17818
1,impbeacon,KZ,11,"{""type"":""win"",""ver"":1}",win,153,659
16,impbeacon,KZ,29,"{""type"":""win"",""ver"":4}",win,2733,11363
1,impbeacon,LA,15,"{""type"":""win"",""ver"":4}",win,231,999
2,impbeacon,LR,11,"{""type"":""win"",""ver"":5}",win,66,294
3,impbeacon,LU,16,"{""type"":""win"",""ver"":5}",win,179,792
3,impbeacon,LV,14,"{""type"":""win"",""ver"":1}",win,187,811
9,impbeacon,LV,19,"{""type"":""win"",""ver"":4}",win,1427,5939
10,impbeacon,LY,33,"{""type"":""win"",""ver"":4}",win,1621,7373
3,impbeacon,MA,31,NULL,NULL,5116,20
2,impbeacon,MA,23,"{""type"":""win"",""ver"":3}",win,1227,4728
1,impbeacon,MC,1,"{""type"":""win"",""ver"":4}",win,2,10
1,impbeacon,ME,3,"{""type"":""win"",""ver"":5}",win,11,47
1,impbeacon,MF,13,"{""type"":""win"",""ver"":1}",win,1071,1545
2,impbeacon,MG,15,"{""type"":""win"",""ver"":3}",win,352,1503
5,impbeacon,MK,8,"{""type"":""win"",""ver"":5}",win,197,864
3,impbeacon,ML,5,"{""type"":""win"",""ver"":4}",win,28,126
7,impbeacon,MN,29,"{""type"":""win"",""ver"":5}",win,1617,6782
1,impbeacon,MO,10,"{""type"":""win"",""ver"":4}",win,76,324
32,impbeacon,MQ,37,"{""type"":""win"",""ver"":5}",win,1249,5607
3,impbeacon,MR,15,"{""type"":""win"",""ver"":4}",win,538,2330
2,impbeacon,MT,6,"{""type"":""win"",""ver"":5}",win,20,85
5,impbeacon,MU,15,"{""type"":""win"",""ver"":4}",win,124,510
3,impbeacon,MW,5,"{""type"":""win"",""ver"":5}",win,20,96
500,impbeacon,MX,119,"{""type"":""win"",""ver"":1}",win,75791,334984
8042,impbeacon,MX,189,"{""type"":""win"",""ver"":4}",win,1445596,6117301
1,impbeacon,MY,3,"{""type"":""win"",""ver"":3}",win,6,27
3,impbeacon,MZ,17,"{""type"":""win"",""ver"":5}",win,339,1483
1,impbeacon,NA,6,"{""type"":""win"",""ver"":5}",win,20,83
4,impbeacon,NE,15,"{""type"":""win"",""ver"":4}",win,149,656
4,impbeacon,NG,18,"{""type"":""win"",""ver"":5}",win,466,2182
12,impbeacon,NL,27,"{""type"":""win"",""ver"":3}",win,1697,5085
1,impbeacon,NO,26,"{""type"":""win"",""ver"":3}",win,543,2205
6,impbeacon,NP,24,"{""type"":""win"",""ver"":5}",win,1834,8372
2,impbeacon,NULL,4,NULL,NULL,19,0
132,impbeacon,NULL,75,"{""type"":""win"",""ver"":1}",win,13198,57908
2569,impbeacon,NULL,162,"{""type"":""win"",""ver"":4}",win,292420,1174337
5,impbeacon,NZ,33,"{""type"":""win"",""ver"":4}",win,4412,18892
15,impbeacon,OM,33,"{""type"":""win"",""ver"":4}",win,1064,3917
94,impbeacon,PE,106,"{""type"":""win"",""ver"":5}",win,60614,266912
41,impbeacon,PH,63,"{""type"":""win"",""ver"":5}",win,12714,55860
86,impbeacon,PK,77,"{""type"":""win"",""ver"":5}",win,26867,106907
6,impbeacon,PL,19,"{""type"":""win"",""ver"":1}",win,957,3258
33,impbeacon,PL,51,"{""type"":""win"",""ver"":4}",win,5365,21433
24,impbeacon,PR,47,"{""type"":""win"",""ver"":4}",win,3404,14510
1,impbeacon,PS,5,NULL,NULL,429,0
24,impbeacon,PT,46,"{""type"":""win"",""ver"":5}",win,2292,10061
11,impbeacon,QA,22,"{""type"":""win"",""ver"":5}",win,3400,14549
3,impbeacon,RE,7,"{""type"":""win"",""ver"":3}",win,86,348
117,impbeacon,RO,80,"{""type"":""win"",""ver"":5}",win,13231,56417
9,impbeacon,RS,37,"{""type"":""win"",""ver"":1}",win,5693,26096
52,impbeacon,RS,71,"{""type"":""win"",""ver"":4}",win,31141,136519
2,impbeacon,RU,1,"{""type"":""win"",""ver"":2}",win,2,2
819,impbeacon,RU,68,"{""type"":""win"",""ver"":5}",win,32691,25430
1,impbeacon,RW,1,NULL,NULL,10,0
1,impbeacon,SA,6,NULL,NULL,16,0
1,impbeacon,SA,1,"{""type"":""win"",""ver"":3}",win,1,5
6,impbeacon,SE,34,"{""type"":""win"",""ver"":5}",win,4933,19795
1,impbeacon,SG,8,"{""type"":""win"",""ver"":3}",win,322,77
7,impbeacon,SI,14,"{""type"":""win"",""ver"":4}",win,358,1524
9,impbeacon,SK,16,"{""type"":""win"",""ver"":5}",win,253,924
13,impbeacon,SN,40,"{""type"":""win"",""ver"":5}",win,2243,9038
1,impbeacon,SO,11,"{""type"":""win"",""ver"":4}",win,129,497
1,impbeacon,SR,9,"{""type"":""win"",""ver"":4}",win,66,300
1,impbeacon,TD,2,"{""type"":""win"",""ver"":5}",win,2,9
12,impbeacon,TH,25,"{""type"":""win"",""ver"":1}",win,1874,8144
119,impbeacon,TH,62,"{""type"":""win"",""ver"":4}",win,29238,128852
45,impbeacon,TN,79,"{""type"":""win"",""ver"":1}",win,29603,131201
204,impbeacon,TN,121,"{""type"":""win"",""ver"":4}",win,129687,586777
623,impbeacon,TR,116,NULL,NULL,104914,645
1,impbeacon,TR,3,"{""type"":""win"",""ver"":3}",win,27,135
3,impbeacon,TT,13,"{""type"":""win"",""ver"":4}",win,190,147
5,impbeacon,TW,14,"{""type"":""win"",""ver"":1}",win,432,1882
15,impbeacon,TW,28,"{""type"":""win"",""ver"":4}",win,2134,9073
8,impbeacon,TZ,25,"{""type"":""win"",""ver"":4}",win,1478,6088
15,impbeacon,UA,36,"{""type"":""win"",""ver"":1}",win,4248,17606
84,impbeacon,UA,77,"{""type"":""win"",""ver"":4}",win,32787,135883
3,impbeacon,UG,15,"{""type"":""win"",""ver"":4}",win,171,759
285,impbeacon,US,98,"{""type"":""win"",""ver"":1}",win,29816,102579
6895,impbeacon,US,190,"{""type"":""win"",""ver"":4}",win,757938,2570690
1,impbeacon,UY,6,"{""type"":""win"",""ver"":1}",win,67,291
12,impbeacon,UY,41,"{""type"":""win"",""ver"":4}",win,3450,15275
412,impbeacon,VE,121,"{""type"":""win"",""ver"":5}",win,109142,454340
18,impbeacon,VN,30,"{""type"":""win"",""ver"":5}",win,2745,11936
5,impbeacon,YT,44,"{""type"":""win"",""ver"":5}",win,1678,7307
53,impbeacon,ZA,72,"{""type"":""win"",""ver"":5}",win,11639,6016
1,impbeacon,ZM,7,"{""type"":""win"",""ver"":5}",win,168,752
2,impbeacon,ZW,7,"{""type"":""win"",""ver"":4}",win,47,218
